{"ts":1760708442,"symbols":{"BINANCEFUT:BTCUSDT":{"venue":"BINANCEFUT","mid":108350.65,"spread":-6818.900000000009,"imbalance":0.3220943652029708,"cum_bid10":294.9890000000001,"cum_ask10":151.25600000000028,"nearest_bid_wall_price":108036.6,"nearest_bid_wall_size":45.86,"nearest_bid_wall_dist_bps":28.984597692767178,"nearest_ask_wall_price":108617.7,"nearest_ask_wall_size":46.308,"nearest_ask_wall_dist_bps":24.64682952986408,"magnet_side":"BID","magnet_price":108036.6,"magnet_confidence":0.05363815235873785},"BINANCEFUT:ETHUSDT":{"venue":"BINANCEFUT","mid":3901.95,"spread":-336.0799999999999,"imbalance":0.7031565350228406,"cum_bid10":2534.1759999999995,"cum_ask10":441.68199999999996,"nearest_bid_wall_price":3896.57,"nearest_bid_wall_size":688.858,"nearest_bid_wall_dist_bps":13.787977805967966,"nearest_ask_wall_price":3910.0,"nearest_ask_wall_size":211.056,"nearest_ask_wall_dist_bps":20.630710285882703,"magnet_side":"BID","magnet_price":3896.57,"magnet_confidence":0.7853533965131045},"BINANCEFUT:XRPUSDT":{"venue":"BINANCEFUT","mid":2.3621,"spread":-0.23819999999999997,"imbalance":-1.0,"cum_bid10":0.0,"cum_ask10":185496.7,"nearest_bid_wall_price":2.3572,"nearest_bid_wall_size":53586.7,"nearest_bid_wall_dist_bps":20.744252995215096,"nearest_ask_wall_price":2.3627,"nearest_ask_wall_size":50635.2,"nearest_ask_wall_dist_bps":2.5401126116597617,"magnet_side":"ASK","magnet_price":2.3627,"magnet_confidence":0.878298937247383}}}